,Unnamed: 0,HOTEL NAME,LOCALITY,REGION,OLD PRICE,PRICE AFTER DISCOUNT,% DISCOUNT,STATUS
0,0,OYO Premium 529 Jasola Vihar,"Pocket-2, Jasola",Delhi, 2649, 1987,25,1
1,1,OYO Flagship 485 GK2 Savitri Cinema,"E Block,GK2",Delhi, 3149, 2362,25,1
2,2,OYO Flagship 573 Paharganj NDLS,"Arakashan Road, Paharganj",Delhi, 1799, 1349,25,1
3,3,OYO Flagship 513 Delhi Airport,"A Block,Mahipalpur Extension",Delhi, 1999, 1499,25,1
4,4,OYO Premium 055 New Friends Colony Ring Road,CV Raman Marg,Delhi, 3899, 2924,25,1
5,5,OYO Rooms 658 Nehru Place 1,"E Block, East Of Kailash",Delhi, 1799, 1349,25,1
6,6,OYO Premium 210 Lodhi Road,Sunder Nagar,Delhi, 6099, 4574,25,1
7,7,OYO Rooms 632 Kalkaji Mandir,Kalkaji,Delhi, 1799, 1349,25,1
8,8,OYO Rooms 696 NH8 Mahipalpur,"Road 1, Mahipalpur",Delhi, 1664, 1248,25,1
9,9,OYO Premium 241 Patel Nagar Metro Station,East Patel Nagar,Delhi, 4849, 3637,25,1
10,10,OYO Rooms 010 Karol Bagh 1078,"Karol Bagh, New Delhi",Delhi, 1699, 1274,25,1
11,11,OYO Rooms 689 Indira Gandhi International Airport,"Road No 1, Mahipalpur",Delhi, 1664, 1248,25,1
12,12,OYO Homes 459 New Friends Colony 2,"Second Floor (With Elevator), New Friends Colony ",Delhi, 3699, 2774,25,1
13,13,OYO Premium 033 New Friends Colony,CV Raman Marg,Delhi, 3149, 2362,25,1
14,14,OYO Premium 160 Saket Metro Station,Saket,Delhi, 4299, 3224,25,1
15,15,OYO Rooms 030 IGI Airport Aerocity,"National Highway No. 8, Mahipalpur",Delhi, 3799, 2849,25,1
16,16,OYO Rooms 142 Connaught Place 1,Connaught Circus,Delhi, 4649, 3487,25,1
17,17,OYO Rooms 257 Rajendra Place PUSA Circle,East Patel Nagar,Delhi, 2499, 1874,25,1
18,18,OYO Rooms 171 IGI Airport NH8,"National Highway 8, Near IGI Domestic Airport, Mahipalpur",Delhi, 3749, 2812,25,1
19,19,OYO Rooms 080 Executive IGI Airport,"Mahipalpur Extn, Near Airport, National Highway -8",Delhi, 3249, 2437,25,1
20,20,OYO Premium 182 Siri Fort Sports Complex,Anand Lok,Delhi, 4749, 3562,25,1
21,21,OYO Rooms 118 Vasant Vihar,Vasant vihar,Delhi, 3549, 2662,25,1
22,22,OYO Rooms 457 Azadpur Mandi Extension,Adarsh Nagar,Delhi, 2499, 1874,25,1
23,23,OYO Rooms 183 Opp IGI Airport Main Road,"N.H. 8, Near IGI Airport Road No. 1, Mahipalpur Extension , Mahipalpur",Delhi, 3449, 2587,25,1
24,24,OYO Premium 207 Greater Kailash 1,Greater Kailash 1,Delhi, 4799, 3599,25,1
25,25,OYO Homes 380 GTB Nagar,Kingsaway,Delhi, 2499, 1874,25,1
26,26,OYO Rooms 680 Jasola Pocket 1,Jasola Vihar,Delhi, 3499, 2624,25,1
27,27,OYO Premium 292 Lajpat Nagar Main Road,Lajpat Nagar 4,Delhi, 4299, 3224,25,1
28,28,OYO Rooms 144 CR Park,Outer Ring Road,Delhi, 2899, 2174,25,1
29,29,OYO Rooms 098 South Delhi,"Opposite Karnataka Bank, Kalkaji",Delhi, 2149, 1612,25,1
30,30,OYO Apartments 273 Dwarka Sector 12,Dwarka,Delhi, 2199, 1649,25,1
31,31,OYO Rooms 616 NDLS Gate Number 2,Desh Bandhu Gupta Road,Delhi, 1849, 1387,25,1
32,32,OYO Rooms 195 Patel Nagar Metro Station,East Patel Nagar,Delhi, 2549, 1912,25,1
33,33,OYO Rooms 128 Paschim Vihar District Park,Bhera Enclave,Delhi, 2449, 1837,25,1
34,34,OYO Rooms 613 Kirti Nagar-B&B,Kirti Nagar,Delhi, 2049, 1537,25,1
35,35,OYO Rooms 006 New Friends Colony,Near Bank of Baroda,Delhi, 2049, 1537,25,1
36,36,OYO Rooms 690 Okhla Near Fortis Hospital,"Jamia Nagar, Okhla",Delhi, 2499, 1874,25,1
37,37,OYO Rooms 509 Near Badarpur,"60 Feet Road, Pul Pehlad Pur",Delhi, 1699, 1274,25,1
38,38,OYO Premium 177 Defence Colony,Defence Colony,Delhi, 3099, 2324,25,1
39,39,OYO Rooms 329 8575 Arakashan Road,Arakashan Road,Delhi, 1999, 1499,25,1
40,40,OYO Rooms 491 Mahipalpur NH8,"National Highway, NH8",Delhi, 2249, 1687,25,1
41,41,OYO Rooms 194 Next To IGI Airport Corporate Special,"Kapashera Extension, Bijwasan Road",Delhi, 2499, 1874,25,1
42,42,OYO Rooms 215 Gangaram Hospital,Old Rajendra Nagar,Delhi, 2649, 1987,25,1
43,43,OYO Rooms 212 Hauz Khas,Panchsheel Park South,Delhi, 1899, 1424,25,1
44,44,OYO Rooms 588 DB Gupta Road Near Flyover,Dariba Pan,Delhi, 1199, 899,25,1
45,45,OYO Rooms 185 GK 1 Near M Block Market,Greater Kailash Part 1,Delhi, 3549, 2662,25,1
46,46,OYO Rooms 653 Near Kailash Colony Metro,Kailash Colony,Delhi, 2749, 2062,25,1
47,47,OYO Rooms 133 East of Kailash Extension,Opp Sapna Cinema,Delhi, 2549, 1912,25,1
48,48,OYO Rooms 486 IGI Airport Near Main Road,"Near Prem Motor Showroom, Adjoining Vasantkunj Road",Delhi, 1599, 1199,25,1
49,49,OYO Rooms 602 Chandi Wali Gali Paharganj,Near New Delhi Railway Station,Delhi, 1249, 937,25,1
50,50,OYO Rooms 528 8A/50 Channa Market,"Channa Market, Karol Bagh",Delhi, 2399, 1799,25,1
51,51,OYO Premium 052 Jasola Apollo,Kalindi Kunj Road,Delhi, 3249, 2437,25,1
52,52,OYO Rooms 270 Nizamuddin Railway Station,Jangpura,Delhi, 3599, 2699,25,1
53,53,OYO Rooms 089 Kalkaji,Chittaranjan Park,Delhi, 2749, 2062,25,1
54,54,OYO Rooms 484 IGI Airport Hotel,NH8,Delhi, 2599, 1949,25,1
55,55,OYO Rooms 126 East of Kailash,Near Nehru Place,Delhi, 3599, 2699,25,1
56,56,OYO Rooms 272 Delhi English School Sector 21 Dwarka,Dwarka Sector 23,Delhi, 2049, 1537,25,1
57,57,OYO Rooms 567 Paharganj Near RK Ashram Metro,Near R.K. Ashram Metro Station,Delhi, 1949, 1462,25,1
58,58,OYO Rooms 599 Rajguru Road Paharganj 2,"Rajguru Road, Chuna Mandi",Delhi, 1149, 862,25,1
59,59,OYO Rooms 300 IGI Airport 3,"Behind Prem Maruti Showroom, Mahipalpur",Delhi, 1749, 1312,25,1
60,60,OYO Rooms 641 Sector 7 Palam Extension,"Sector 7, Near Shree Makhan Sweet, Ramphal Chowk",Delhi, 1849, 1387,25,1
61,61,OYO Premium 529 Jasola Vihar,"Pocket-2, Jasola",Delhi, 2699, 2024,25,1
62,62,OYO Premium 143 Rajouri Garden Janta Market,Rajouri Garden,Delhi, 3199, 2399,25,1
63,63,OYO Rooms 565 Airport Travellers Delight,"Street No.7, Near IGI Airport, Mahipalpur",Delhi, 2699, 2024,25,1
64,64,OYO Premium 220 East Of Kailash Extension,East of Kailash,Delhi, 3799, 2849,25,1
65,65,OYO Rooms 666 Nehru Place Near Metro Station,Nehru Enclave,Delhi, 3299, 2474,25,1
66,66,OYO Rooms 350 Delhi GateÂ ,Darya Ganj,Delhi, 2499, 1874,25,1
67,67,OYO Premium 106 Paharganj,Paharganj,Delhi, 2349, 1762,25,1
68,68,OYO Rooms 044 Patel Nagar Delhi,East Patel Nagar,Delhi, 2299, 1724,25,1
69,69,OYO Rooms 671 Dabri Palam Road,Main Mahiveer Enclave in front of Sulabh International Dabri Palam Road,Delhi, 1849, 1387,25,1
70,70,OYO Rooms 553 Paharganj Flyover 1,"D.B. Gupta Road, Paharganj",Delhi, 1799, 1349,25,1
71,71,OYO Rooms 111 Paharganj 54,Paharganj,Delhi, 1349, 1012,25,1
72,72,OYO Rooms 105 Paharganj DB Gupta Road 2,Paharganj,Delhi, 1449, 1087,25,1
73,73,OYO Rooms 361 Paharganj Near Darbar Sweets,Pahar Ganj,Delhi, 1499, 1124,25,1
74,74,OYO Premium 532 GK1 M Block Market 1,Greater Kailash 1,Delhi, 4649, 3487,25,1
75,75,OYO Rooms 027 Karol Bagh 8/41,Karol Bagh,Delhi, 1649, 1237,25,1
76,76,OYO Rooms 358 Near Jasola Sports Complex,Jasola,Delhi, 1649, 1237,25,1
77,77,OYO Premium 236 Malviya Nagar Metro,Malviya Nagar,Delhi, 3999, 2999,25,1
78,78,OYO Homes 678 Jangpura Birbal Road,Jangpura Extension,Delhi, 1699, 1274,25,1
79,79,OYO Apartments 561 Ramphal Chowk,"Palam Extension, Sector 7, Near Gold's Gym",Delhi, 1899, 1424,25,1
80,80,OYO Rooms 038 Jamia River View,Jamia Nagar,Delhi, 1399, 1049,25,1
81,81,OYO Premium 483 Lajpat Nagar Ring Road 2,Ring Road,Delhi, 4199, 3149,25,1
82,82,OYO Homes 382 Pitampura Metro Station,Road no 44,Delhi, 2149, 1612,25,1
83,83,OYO Premium 123 Hauz Khas,Safdarjung Enclave,Delhi, 3649, 2737,25,1
84,84,OYO Rooms 115 Main Bazar Paharganj,Near Imperial Cinema,Delhi, 1249, 937,25,1
85,85,OYO Rooms 296 Railway Station Paharganj 2,Paharganj,Delhi, 1449, 1087,25,1
86,86,OYO Homes 375 South Extension 1 H Block,South Extension - 1,Delhi, 2249, 1687,25,1
87,87,OYO Rooms 297 PVR Saket,Saket,Delhi, 3449, 2587,25,1
88,88,OYO Rooms 065 Janakpuri Near Dabri Mod,"Pankha Road,Dabri Mor",Delhi, 2899, 2174,25,1
89,89,OYO Rooms 136 Karol Bagh 5/25,Karolbagh,Delhi, 1599, 1199,25,1
90,90,OYO Rooms 396 Nirman Vihar Metro,Near Nirman Vihar Metro Station,Delhi, 2449, 1837,25,1
91,91,OYO Rooms 268 Gali Hari Mandir Paharganj,Paharganj,Delhi, 1249, 937,25,1
92,92,OYO Rooms 277 Near Jhandewalan Metro,Karol Bagh,Delhi, 2099, 1574,25,1
93,93,OYO Premium 672 Paharganj Police Station,"Street No.1, Multani Dhanda, Paharganj",Delhi, 1949, 1462,25,1
94,94,OYO Rooms 043 Nehru Place Extension,Jasola,Delhi, 1499, 1124,25,1
95,95,OYO Rooms 683 Near T3 Airport Delhi,Kapashera,Delhi, 2299, 1724,25,1
96,96,OYO Rooms 596 Main Bazaar Paharganj Gali No 1,"Main Bazar, 6 Tooti Chowk",Delhi, 1299, 974,25,1
97,97,OYO Rooms 609 Paharganj Near NDLS,"Ram Nagar, Street No.1",Delhi, 1599, 1199,25,1
98,98,OYO Rooms 266 7A/36 Channa Market Karol Bagh,Karol Bagh,Delhi, 1699, 1274,25,1
99,99,OYO Rooms 173 Paharganj Qutub Road,Ram Nagar,Delhi, 1449, 1087,25,1
100,100,OYO Rooms 173 Paharganj Qutub Road,Ram Nagar,Delhi, 1449, 1087,25,1
101,101,OYO Rooms 578 Karol Bagh 16/7 Arya Samaj Road,"Arya Samaj Road, Opposite Satbhrawan School",Delhi, 1349, 1012,25,1
102,102,OYO Rooms 230 Near RK Ashram Metro Paharganj,Paharganj,Delhi, 1599, 1199,25,1
103,103,OYO Rooms 626 DB Gupta NDLS,"Near Gate No 1, Opposite Sheila Cinema",Delhi, 1849, 1387,25,1
104,104,OYO Rooms 451 Gali No 3 Ram Nagar Paharganj,"Saran Building, Gali No. 3",Delhi, 1599, 1199,25,1
105,105,OYO Flagship 497 Green Park,"B Block, Safdarjung Enclave",Delhi, 5049, 3787,25,0
106,106,OYO Flagship 500 New Friends Colony,"Plot no. A-44, A Block, New Friends Colony, Delhi",Delhi, 3899, 2924,25,0
107,107,OYO Flagship 494 East of Kailash,"Plot no. E-301, E Block, East of Kailash, Delhi",Delhi, 3699, 2774,25,0
108,108,OYO Flagship 512 Safdarjung Enclave,"B Block, Safdurjung Enclave",Delhi, 3449, 2587,25,0
109,109,OYO Flagship 573 Paharganj NDLS,"Arakashan Road, Paharganj",Delhi, 1799, 1349,25,0
110,110,OYO Premium 526 Wazirpur Industrial Area,"Phase 2, Ashok Vihar, New Delhi",Delhi, 6099, 4574,25,0
111,111,OYO Rooms 610 Green Park Extension,Hauz Khas Village,Delhi, 4999, 3749,25,0
112,112,OYO Rooms 606 New Friends Colony 1,New Friends Colony,Delhi, 3849, 2887,25,0
113,113,OYO Rooms 699 North Campus,"Phase 2, Ashok Vihar",Delhi, 2349, 1762,25,0
114,114,OYO Premium 538 Hauz Khas Metro,"S Block, Panchsheel Park",Delhi, 3349, 2512,25,0
115,115,OYO Premium 336 Resort International Airport Delhi,Kapashera,Delhi, 5799, 4349,25,0
116,116,OYO Rooms 592 Deer Park,SFE,Delhi, 3299, 2474,25,0
117,117,OYO Rooms 698 Paharganj NDLS,"Arakashan Road,Pahargankj",Delhi, 2049, 1537,25,0
118,118,OYO Rooms 697 Karol Bagh,"Desh Bandhu Gupta Road, Beadonpura, Karol Bagh",Delhi, 2049, 1537,25,0
119,119,OYO Flagship 551 Karol Bagh,"Next to Baptist Church,D.B Gupta Road, Near Police Station, Karol Bagh",Delhi, 3349, 2512,25,0
120,120,OYO Flagship 551 Karol Bagh,"Next to Baptist Church,D.B Gupta Road, Near Police Station, Karol Bagh",Delhi, 3349, 2512,25,0
121,121,OYO Rooms 676 Safdarjung Enclave 2,"B Block, Safdurjung Enclave",Delhi, 3449, 2587,25,0
122,122,OYO Rooms 591 Hauz Khas Village,SDA,Delhi, 3249, 2437,25,0
123,123,OYO Rooms 555 Pitampura,"Rajdhani Enclave,Pitampura",Delhi, 3299, 2474,25,0
124,124,OYO Rooms 545 Rohini Pitampura,"Saraswati Vihar, Pitampura",Delhi, 3149, 2362,25,0
125,125,OYO Rooms 547 Paschim Vihar 2,"Paschim Enclave, Nh-10",Delhi, 2999, 2249,25,0
126,126,OYO Rooms 354 GK2 M Block Market,"E Block,Greater Kailash II",Delhi, 2749, 2062,25,0
127,127,OYO Rooms 498 South Ex Market,"C Block, South Extension 1",Delhi, 2399, 1799,25,0
128,128,OYO Premium 608 GK2 M Block Market,"Ground Floor, Greater Kailash II, Road No. 10, Near M Block Market",Delhi, 2749, 2062,25,0
129,129,OYO Rooms 010 Karol Bagh 1078,"Karol Bagh, New Delhi",Delhi, 1699, 1274,25,0
130,130,OYO Premium 208 GK 1 M Block Market,Greater Kailash,Delhi, 6849, 5137,25,0
131,131,OYO Rooms 091 WEA Karol Bagh,Karol Bagh,Delhi, 1999, 1499,25,0
132,132,OYO Rooms 124 Kirti Nagar,Kirti Nagar,Delhi, 1549, 1162,25,0
133,133,OYO Premium 404 International Airport Terminal 3 Extension,"A Block, Mahipalpur Extension, NH8, New",Delhi, 3549, 2662,25,0
134,134,OYO Rooms 039 Near Qutub Road Arya Nagar Paharganj,Paharganj,Delhi, 1099, 824,25,0
135,135,OYO Homes 330 New Friends Colony,Friends Colony East,Delhi, 3999, 2999,25,0
136,136,OYO Premium 081 Domestic Airport Delhi,"Khasara No.395, Vasant Kunj Road, Mahipalpur",Delhi, 3299, 2474,25,0
137,137,OYO Rooms 031 Near IGI Airport Aerocity,"National Highway No. 8, Mahipalpur",Delhi, 3749, 2812,25,0
138,138,OYO Rooms 437 North Campus,"Opposite Parmarth Hospital, Above Allahabad Bank",Delhi, 2549, 1912,25,0
139,139,OYO Rooms 541 Dwarka Sector 13 Metro Station,"Sector 13, Dwarka",Delhi, 3849, 2887,25,0
140,140,OYO Rooms 079 Delhi International Airport,"Mahipalpur Extn, Near Airport, National Highway -8",Delhi, 3249, 2437,25,0
141,141,OYO Rooms 190 Opp IGI Airport,"NH 8, Near IGI Airport Road No. 1, Mahipalpur Extension",Delhi, 3749, 2812,25,0
142,142,OYO Rooms 506 GK 1 Market,Greater Kailash 1,Delhi, 5099, 3824,25,0
143,143,OYO Rooms 540 Near Pitampura Metro,Dakshini Pitampura,Delhi, 3499, 2624,25,0
144,144,OYO Rooms 051 New Friends Colony Market,New Friends Colony,Delhi, 2949, 2212,25,0
145,145,OYO Premium 586 Near Meera Bagh,"Outer Ring Road, Meera Bagh",Delhi, 3949, 2962,25,0
146,146,OYO Premium 311 Ring Road GK1 2,Greater Kailash 1,Delhi, 4749, 3562,25,0
147,147,OYO Rooms 028 Friends Hospital NFC,Maharani Bagh,Delhi, 2299, 1724,25,0
148,148,OYO Rooms 082 Patel Nagar Main Market,Main Market,Delhi, 3399, 2549,25,0
149,149,OYO Premium 510 International Airport Terminal 3,Opposite Kapashera Police Station Kapashera,Delhi, 3349, 2512,25,0
150,150,OYO Rooms 566 Saket J Block,"Opposite J Block Market, Saket",Delhi, 3499, 2624,25,0
151,151,OYO Rooms 157 Delhi Airport 2,"Opposite Indra Gandhi International Airport, Mahipalpur Extension, NH-8",Delhi, 1899, 1424,25,0
152,152,OYO Rooms 184 Aerodrome Near IGI Airport,"Mahipalpur, NH-8, Near IGI Airport",Delhi, 3399, 2549,25,0
153,153,OYO Premium 069 Patel Nagar,Metro Pillar No. 162,Delhi, 4499, 3374,25,0
154,154,OYO Rooms 524 International Airport Delhi,"A Block, N.H.8, Mahipalpur New",Delhi, 3199, 2399,25,0
155,155,OYO Rooms 205 Dwarka Sector 12 Metro Station,Dwarka,Delhi, 3399, 2549,25,0
156,156,OYO Premium 405 GK1 Near M Block Market,Greater Kailash -1,Delhi, 4499, 3374,25,0
157,157,OYO Rooms 535 Chattarpur,Chandan Hola,Delhi, 4049, 3037,25,0
158,158,OYO Rooms 321 Near RK Ashram Metro Station 3,Paharganj,Delhi, 1349, 1012,25,0
159,159,OYO Rooms 219 Grace Church NFC,Kirokli,Delhi, 2649, 1987,25,0
160,160,OYO Rooms 170 Shadipur Metro Station,West Patel Nagar,Delhi, 2399, 1799,25,0
161,161,OYO Rooms 365 Indra Gandhi Airport Main Road,"Next to Hotel Radisson, Near IGI Airport, Rangpuri",Delhi, 2599, 1949,25,0
162,162,OYO Rooms 088 East Patel Nagar,Near Metro Pillar No.161,Delhi, 2449, 1837,25,0
163,163,OYO Premium 407 South Delhi Grand Stay,Aruna Asaf Ali Marg,Delhi, 4199, 3149,25,0
164,164,OYO Rooms 014 New Friends Colony Crossroad,CV Raman Marg,Delhi, 2249, 1687,25,0
165,165,OYO Rooms 560 Vasant Vihar 2,Rao Tula Ram Marg,Delhi, 3099, 2324,25,0
166,166,OYO Homes 520 GK 1 M Block Market,Greater Kailash 1,Delhi, 3399, 2549,25,0
167,167,OYO Elite 557 Panchsheel Enclave,Panchshila Park,Delhi, 5649, 4237,25,0
168,168,OYO Rooms 253 New Friends Colony 2,New Friends colony,Delhi, 3849, 2887,25,0
169,169,OYO Rooms 169 Near DPS Vasantkunj,Vasant Kunj,Delhi, 2099, 1574,25,0
170,170,OYO Rooms 585 Near Sector 10 Metro Dwarka,"Sector 10 Dwarka, In front of metro station",Delhi, 3599, 2699,25,0
171,171,OYO Homes 275 Saket J Block,Saket,Delhi, 3399, 2549,25,0
172,172,OYO Premium 534 Dwarka Near Ramphal Chowk,Dwarka Palam Road,Delhi, 2549, 1912,25,0
173,173,OYO Rooms 145 Paschim Vihar,Rohtak Road,Delhi, 3049, 2287,25,0
174,174,OYO Rooms 249 Nehru Place Flyover,Greater Kailash 1,Delhi, 3599, 2699,25,0
175,175,OYO Rooms 280 J Block Vikaspuri Delhi,Vikaspuri,Delhi, 2199, 1649,25,0
176,176,OYO Homes 110 Jangpura Ext,Jangpura Extension,Delhi, 3049, 2287,25,0
177,177,OYO Rooms 204 Rajendra Place Metro Station,East Patel Nagar,Delhi, 2299, 1724,25,0
178,178,OYO Rooms 518 ZION Church Patel Nagar,East Patel nagar,Delhi, 2149, 1612,25,0
179,179,OYO Rooms 263 PVR Vikas Puri,Vikas Puri,Delhi, 2549, 1912,25,0
180,180,OYO Premium 232 Jasola Near DLF Tower,Jasola,Delhi, 4949, 3712,25,0
181,181,OYO Apartments 273 Dwarka Sector 12,Dwarka,Delhi, 2199, 1649,25,0
182,182,OYO Premium 187 Hari Nagar,Hari Nagar,Delhi, 3399, 2549,25,0
183,183,OYO Rooms 057 Dwarka Sector 19,Dwarka,Delhi, 1649, 1237,25,0
184,184,OYO Homes 456 Rani Bagh,Rani Bagh,Delhi, 1799, 1349,25,0
185,185,OYO Rooms 480 IGI Airport 4,"Road no 2, Mahipalpur",Delhi, 1649, 1237,25,0
186,186,OYO Premium 129 Dwarka Sector 7,Dwarka,Delhi, 3799, 2849,25,0
187,187,OYO Homes 438 Janakpuri,Janak Puri,Delhi, 1649, 1237,25,0
188,188,OYO Premium 050 Jasola DAV,Jasola,Delhi, 2299, 1724,25,0
189,189,OYO Rooms 203 llahi Bux Marg Karol Bagh,Karol Bagh,Delhi, 2049, 1537,25,0
190,190,OYO Rooms 351 Saraswati Marg Karol Bagh,Saraswati Marg,Delhi, 1699, 1274,25,0
191,191,OYO Homes 501 Vasant Kunj Near Fortis,Shanti Kunj,Delhi, 1799, 1349,25,0
192,192,OYO Premium 559 Connaught Place Travellers Delight,Connaught Circus,Delhi, 5999, 4499,25,0
193,193,OYO Rooms 522 Karol Bagh 17A-13 Gurudwara Road,Karol Bagh,Delhi, 1599, 1199,25,0
194,194,OYO Rooms 216 Ministry of Rural Development Delhi,East Patel Nagar,Delhi, 2299, 1724,25,0
195,195,OYO Rooms 026 Karol Bagh,Karol Bagh,Delhi, 2049, 1537,25,0
196,196,OYO Rooms 271 Near Hanuman Statue Karol Bagh,Karol Bagh,Delhi, 1599, 1199,25,0
197,197,OYO Premium 165 Rajouri Garden Metro Station,Rajouri Garden,Delhi, 3799, 2849,25,0
198,198,OYO Rooms 313 Channa Market 14A/4 Karol Bagh,Karol Bagh,Delhi, 2049, 1537,25,0
199,199,OYO Rooms 078 Ring Road GK1,Near Nehru Place,Delhi, 4199, 3149,25,0
200,200,OYO Rooms 174 New Delhi Railway Station 2,Ram Nagar,Delhi, 1799, 1349,25,0
201,201,OYO Premium 546 Green Park Metro,Near Green Park Metro,Delhi, 2999, 2249,25,0
202,202,OYO Rooms 085 Hauz Khas District Park,Safdarjung Enclave,Delhi, 2999, 2249,25,0
203,203,OYO Rooms 301 Vasant Kunj Near DPS,Opposite DPS School Gate No. 1,Delhi, 2599, 1949,25,0
204,204,OYO Rooms 530 Krishna Gali Near NDLS Gate 1,"Near New Delhi Railway Station, Paharganj",Delhi, 1299, 974,25,0
205,205,OYO Premium 137 Dwarka Sector 12,Dwarka,Delhi, 3749, 2812,25,0
206,206,OYO Rooms 314 10174/1 Gurudwara Road Karol Bagh,Karol Bagh,Delhi, 1399, 1049,25,0
207,207,OYO Rooms 653 Near Kailash Colony Metro,Kailash Colony,Delhi, 2749, 2062,25,0
208,208,OYO Rooms 108 Near Karol Bagh Metro Station 1,Karol Bagh,Delhi, 1199, 899,25,0
209,209,OYO Rooms 580 Karol Bagh 17A/59,"WEA, Karol Bag, Near RBL Bank",Delhi, 1349, 1012,25,0
210,210,OYO Premium 239 Near Rajendra Nagar Metro Station,New Rajinder Nagar,Delhi, 3349, 2512,25,0
211,211,OYO Rooms 574 Near Kirti Nagar,Near Kirti Nagar Police Station,Delhi, 1949, 1462,25,0
212,212,OYO Rooms 342 Near RK Ashram Metro Station 4,"Main Bazaar, Main Bazar Road, Paharganj",Delhi, 1099, 824,25,0
213,213,OYO Premium 141 Anand Vihar 2,Near Karkardooma Metro Station,Delhi, 3549, 2662,25,0
214,214,OYO Rooms 209 Karol Bagh 13A/22,Karol Bagh,Delhi, 2249, 1687,25,0
215,215,OYO Rooms 455 Near Karol Bagh Metro Station 2,Karol Bagh,Delhi, 1699, 1274,25,0
216,216,OYO Rooms 147 Karol Bagh 14A/7,Karol Bagh,Delhi, 2399, 1799,25,0
217,217,OYO Premium 582 Pitampura,"Near Kohat Enclave Metro Station, Opposite Metro Pillar No. 332",Delhi, 5099, 3824,25,0
218,218,OYO Rooms 343 Main Bazar Paharganj 4350,"Kaseru Walan, Paharganj",Delhi, 1249, 937,25,0
219,219,OYO Homes 328 Chhatarpur,"Maidan Garhi Road,Chattarpur",Delhi, 1599, 1199,25,0
220,220,OYO Rooms 226 Near Jhandewalan Metro 1,Karol Bagh,Delhi, 1599, 1199,25,0
221,221,OYO Rooms 265 Balaji Mandir Karol Bagh,Karol Bagh,Delhi, 1799, 1349,25,0
222,222,OYO Rooms 255 Karol Bagh Saraswati Marg,Karol Bagh,Delhi, 1249, 937,25,0
223,223,OYO Rooms 274 Dwarka Sector 7,"Ramphal Chowk, Dwarka",Delhi, 1949, 1462,25,0
224,224,OYO Rooms 445 Saket Metro,Saiyad ul Ajaib,Delhi, 2099, 1574,25,0
225,225,OYO Premium 140 Connaught Place,Barakhamba,Delhi, 6149, 4612,25,0
226,226,OYO Rooms 332 New Delhi Railway Station Paharganj,"Kaseru Walan, Paharganj",Delhi, 1349, 1012,25,0
227,227,OYO Homes 508 G Block Saket,Saket,Delhi, 1449, 1087,25,0
228,228,OYO Premium 334 Naraina,Naraina Vihar,Delhi, 3799, 2849,25,0
229,229,OYO Premium 234 Paschim Vihar,Paschim Vihar,Delhi, 3549, 2662,25,0
230,230,OYO Homes 318 Kalkaji E Block,Kalkaji,Delhi, 2099, 1574,25,0
231,231,OYO Premium 564 Nehru Place Ring Road,Nehru Place,Delhi, 4399, 3299,25,0
232,232,OYO Rooms 228 Near RK Ashram Metro Station 2,Paharganj,Delhi, 1499, 1124,25,0
233,233,OYO Apartments 202 Saket Extension,"Near Malkhan Singh Marg, Street no.16",Delhi, 1199, 899,25,0
234,234,OYO Rooms 093 Kalkaji Mandir Delhi,Kalkaji,Delhi, 1899, 1424,25,0
235,235,OYO Premium 008 IGI Airport Link Road,"Mahipalpur, NH -8, Near IGI Airport, Delhi Gurgaon Expy, Block RZ, Mahipalpur Village",Delhi, 3699, 2774,25,0
236,236,OYO Rooms 629 New Rohtak Road Karol Bagh,"Rohtak Road, Karol Bagh",Delhi, 1449, 1087,25,0
237,237,OYO Rooms 319 IGI Airport Near Fun N Food Village,"Kapashera Road, Bijwasan",Delhi, 2199, 1649,25,0
238,238,OYO Rooms 119 New Delhi Railway Station,Paharganj,Delhi, 1349, 1012,25,0
239,239,OYO Premium 189 GK 1 R Block,Greater Kailash Part - 1,Delhi, 3949, 2962,25,0
240,240,OYO Rooms 094 Karol Bagh 53/1,Karol Bagh,Delhi, 2049, 1537,25,0
241,241,OYO Rooms 097 Gaffar Market Karol Bagh,"Karol Bagh, New Delhi",Delhi, 1449, 1087,25,0
242,242,OYO Premium 386 Rajguru Road Paharganj,CHUNA MANDI,Delhi, 2349, 1762,25,0
243,243,OYO Rooms 492 Ramphal Chowk Dwarka,Sector-7,Delhi, 1899, 1424,25,0
244,244,OYO Rooms 130 Nizamuddin Railway Station 2,Hazrat Nizamuddin West,Delhi, 2999, 2249,25,0
245,245,OYO Rooms 641 Sector 7 Palam Extension,"Sector 7, Near Shree Makhan Sweet, Ramphal Chowk",Delhi, 1849, 1387,25,0
246,246,OYO Rooms 298 38 Arakashan Road Pahar Ganj,Arakshan Road,Delhi, 749, 562,25,0
247,247,OYO Rooms 604 DB Gupta Main Road 1,"DB Gupta Road, Pahar Ganj Bridge",Delhi, 1349, 1012,25,0
248,248,OYO Rooms 176 Defence Colony A Block,Defence colony,Delhi, 2549, 1912,25,0
249,249,OYO Rooms 502 Ramphal Chowk Sector 7,"Ramphal Chowk, Sector 7 Dwarka",Delhi, 1649, 1237,25,0
250,250,OYO Rooms 663 Elahi Bux Road Karol Bagh,Karol Bagh,Delhi, 1299, 974,25,0
251,251,OYO Rooms 444 Near Karol Bagh Metro Station 5,Karol Bagh,Delhi, 1549, 1162,25,0
252,252,OYO Rooms 605 Near Shiela Cinema Paharganj,"1B, Arakashan Road",Delhi, 1499, 1124,25,0
253,253,OYO Rooms 379 New Delhi Station Gate 1,"Opposite New Delhi Railway Station, Paharganj",Delhi, 1099, 824,25,0
254,254,OYO Rooms 217 Lajpat Nagar Market,Lajpat Nagar,Delhi, 3449, 2587,25,0
255,255,OYO Rooms 323 Mahipalpur,"Road No.-6, Mahipalpur, Road No 6",Delhi, 1399, 1049,25,0
256,256,OYO Homes 291 Dwarka Sector 19,Dwarka,Delhi, 1999, 1499,25,0
257,257,OYO Premium 531 Green Park 2,Green Park,Delhi, 3799, 2849,25,0
258,258,OYO Rooms 461 Kalkaji F Block,Kalkji Main Road,Delhi, 2799, 2099,25,0
259,259,OYO Rooms 163 Rohini Near M2K,Main Road Naharpur Village,Delhi, 2649, 1987,25,0
260,260,OYO Homes 558 Chattarpur Near Tivoli,"Next To Primary School, Satbari Chattarpur",Delhi, 2149, 1612,25,0
261,261,OYO Premium 261 Karol Bagh Metro Station 3,Karol Bagh,Delhi, 2749, 2062,25,0
262,262,OYO Homes 367 Greater Kailash M Block Market 2,New Delhi,Delhi, 2649, 1987,25,0
263,263,OYO Premium 029 Siri Fort Road,Sadiq Nagar,Delhi, 4099, 3074,25,0
264,264,OYO Rooms 152 Karol Bagh Bikanerwala,"Gurudwara Road, Karol Bagh",Delhi, 1849, 1387,25,0
265,265,OYO Rooms 312 Near New Delhi Railway Station,Opp. Shiela Cinema,Delhi, 1099, 824,25,0
266,266,OYO Homes 460 GK 2 Main Road,Greater Kailash II,Delhi, 2999, 2249,25,0
267,267,OYO Rooms 138 Vasant Kunj 1,Masoodpur Vasant Kunj,Delhi, 2399, 1799,25,0
268,268,OYO Rooms 433 Jangpura,"Masjid Road, Jangpura Bhogal",Delhi, 1749, 1312,25,0
269,269,OYO Premium 086 Karol Bagh Metro,Karol Bagh,Delhi, 1849, 1387,25,0
270,270,OYO Rooms 674 Karol Bagh Saraswati Marg 2,"Karol Bagh, New Delhi",Delhi, 1499, 1124,25,0
271,271,OYO Rooms 348 Near Mahipalpur Bypass,"Road No 6, Mahipalpur, Mahipalpur, International Airport Zone",Delhi, 1949, 1462,25,0
272,272,OYO Rooms 358 Near Jasola Sports Complex,Jasola,Delhi, 1649, 1237,25,0
273,273,OYO Rooms 611 Main Bazaar 1575 Paharganj,"Main Bazar, Paharganj",Delhi, 1399, 1049,25,0
274,274,OYO Rooms 337 Arya Nagar Paharganj,D.B. Gupta Road,Delhi, 1549, 1162,25,0
275,275,OYO Rooms 075 Fortis Vasant Kunj,Vasant Kunj,Delhi, 2049, 1537,25,0
276,276,OYO Premium 240 Paharganj Near NDLS,Pahar Ganj,Delhi, 2449, 1837,25,0
277,277,OYO Rooms 045 Connaught Place G Block,Connaught Place,Delhi, 4449, 3337,25,0
278,278,OYO Rooms 090 CR Park Outer Ring Road,CR Park,Delhi, 1899, 1424,25,0
279,279,OYO Homes 310 Shivalik Road Malviya Nagar,Near Aurobindo College,Delhi, 2349, 1762,25,0
280,280,OYO Rooms 104 Paharganj Railway Station,Pahar Ganj,Delhi, 1349, 1012,25,0
281,281,OYO Rooms 677 Kamla Nagar,Kamla Nagar,Delhi, 2099, 1574,25,0
282,282,OYO Rooms 306 Karol Bagh 7A/39,Channa Market,Delhi, 1899, 1424,25,0
283,283,OYO Rooms 493 Krishna Gali Near NDLS,"Krishna Gali, Ghee Mandi, Near New Delhi Railway Station Paharganj",Delhi, 1299, 974,25,0
284,284,OYO Rooms 125 Pitampura I,Pitampura,Delhi, 3199, 2399,25,0
285,285,OYO Premium 083 Karol Bagh Metro Station,Karol Bagh,Delhi, 1999, 1499,25,0
286,286,OYO Rooms 316 Kalkaji M Block,"M Block, Kalkaji",Delhi, 2599, 1949,25,0
287,287,OYO Homes 325 AIIMS,Arjun Nagar,Delhi, 1999, 1499,25,0
288,288,OYO Rooms 040 AIIMS,Opposite AIIMS Trauma Centre,Delhi, 2799, 2099,25,0
289,289,OYO Premium 473 International Airport Main Road,"NH8, Mahipalpur",Delhi, 3299, 2474,25,0
290,290,OYO Rooms 368 Block 11A Channa Market Karol Bagh,"W.E.A, Channa Market, Karol Bagh",Delhi, 1549, 1162,25,0
291,291,OYO Premium 603 Red Fort,"Opposite Happy School, Daryaganj",Delhi, 2399, 1799,25,0
292,292,OYO Rooms 340 Hazrat Nizamuddin Railway Station,Jangpura B,Delhi, 1699, 1274,25,0
293,293,OYO Homes 441 Janakpuri West Metro Station,Opposite Savitri Market,Delhi, 2099, 1574,25,0
294,294,OYO Premium 068 Karol Bagh,Near By Karol Bagh Police Station / HDFC bank,Delhi, 2049, 1537,25,0
295,295,OYO Rooms 406 Railway Station Paharganj 4,Arakashan Road,Delhi, 1399, 1049,25,0
296,296,OYO Homes 101 GK N Block Market,"Greater Kailash-1, New Delhi",Delhi, 2449, 1837,25,0
297,297,OYO Rooms 293 Jhandewalan Metro Station 3,Karol Bagh,Delhi, 1349, 1012,25,0
298,298,OYO Premium 019 Dwarka Near Airport,"Aditya Enclave, Dwarka",Delhi, 2049, 1537,25,0
299,299,OYO Rooms 542 Bhogal Jangpura,"Church Road, Jungpura, Bhogal",Delhi, 1299, 974,25,0
300,300,OYO Rooms 552 GK2 M Block Market Extension,Greater Kailash-2,Delhi, 1999, 1499,25,0
301,301,OYO Rooms 381 Kailash Colony Metro 2,East of Kailash,Delhi, 2549, 1912,25,0
302,302,OYO Rooms 264 Rajouri Garden Metro Station 2,Rajouri Garden,Delhi, 2799, 2099,25,0
303,303,OYO Premium 458 GT Karnal Road,Alipur,Delhi, 3599, 2699,25,0
304,304,OYO Rooms 597 Hari Mandir Gali Paharganj,Gali Hari Mandir,Delhi, 1199, 899,25,0
305,305,OYO Rooms 385 Karol Bagh 12A/24,"Saraswati Marg, West Extension Area, Karol Bagh",Delhi, 1799, 1349,25,0
306,306,OYO Homes 369 South Extension 1,South Extension 1,Delhi, 2299, 1724,25,0
307,307,OYO Premium 581 Karol Bag Pusa Road,"Gurudwara Road, Opposite Jessa Ram Hospital",Delhi, 4149, 3112,25,0
308,308,OYO Rooms 548 New Delhi Junction,"Arakashan Road, Paharganj",Delhi, 1599, 1199,25,0
309,309,OYO Rooms 288 Dwarka Sector 12 City Centre,Dwarka,Delhi, 2349, 1762,25,0
310,310,OYO Premium 155 Safdarjung,Green Park Main,Delhi, 3699, 2774,25,0
311,311,OYO Rooms 572 DB Gupta Road Karol Bagh 2,"D.B. Gupta Road, Karol Bagh",Delhi, 1399, 1049,25,0
312,312,OYO Rooms 562 Pitampura Madhuban Chowk,Pitampura,Delhi, 2499, 1874,25,0
313,313,OYO Rooms 258 Karol Bagh Metro Station 4,Karol Bagh,Delhi, 1399, 1049,25,0
314,314,OYO Premium 687 Naraina Industrial Area,Naraina Vihar,Delhi, 3199, 2399,25,0
315,315,OYO Rooms 168 Green Park,Hauz Khas,Delhi, 3549, 2662,25,0
316,316,OYO Rooms 179 Kashmere Gate,Kashmere Gate,Delhi, 1949, 1462,25,0
317,317,OYO Premium 172 Laxmi Nagar,Laxmi Nagar,Delhi, 2549, 1912,25,0
318,318,OYO Rooms 523 Karol Bagh WEA Saraswati Marg 4/39,"Saraswati Marg, Karol Bagh",Delhi, 1049, 787,25,0
319,319,OYO Rooms 259 Rajguru Road Paharganj,Paharganj,Delhi, 1499, 1124,25,0
320,320,OYO Premium 594 Malviya Nagar A Block,Shivalik Road,Delhi, 3549, 2662,25,0
321,321,OYO Homes 446 Kailash Colony Main Market,Kailash Colony,Delhi, 2099, 1574,25,0
322,322,OYO Rooms 096 Vasant Kunj 2,New Delhi,Delhi, 2299, 1724,25,0
323,323,OYO Premium 335 Model Town Delhi,Bhama Shah Marg,Delhi,, 3549,,0
324,324,OYO Rooms 490 Jantar Mantar Delhi,Jai Singh Road,Delhi, 2999, 2249,25,0
325,325,OYO Rooms 188 Safdarjung Enclave,Safdarjung Enclave,Delhi, 3649, 2737,25,0
326,326,OYO Premium 346 Connaught Place 2,Connaught Place,Delhi, 2599, 1949,25,0
327,327,OYO Rooms 167 Safdarjung Extension,Safdarjung,Delhi, 1599, 1199,25,0
328,328,OYO Rooms 222 Karol Bagh Metro Station 3,Karol Bagh,Delhi, 1949, 1462,25,0
329,329,OYO Rooms 398 South Extension 2,South Extension-ll,Delhi, 2299, 1724,25,0
330,330,OYO Rooms 516 Shakti Vihar Pitampura,Pitampura,Delhi, 2249, 1687,25,0
